nome_passeio,href,price,duration,score,qte_score
Show de flamenco tradicional em uma caverna histórica,3055740?location=madrid&currentTab=experience_tab&federatedSearchId=64716661-c61f-4af6-8ce6-7e3d5fef065f&searchId=0ec07f65-f788-4933-8cfc-261c01d07d0d&sectionId=e0461ece-8cf3-4555-b59d-0d86fa925da9,156,1.5,4.9,3378.0
Conheça as autênticas tapas de Madrid,120070?location=madrid&currentTab=experience_tab&federatedSearchId=64716661-c61f-4af6-8ce6-7e3d5fef065f&searchId=0ec07f65-f788-4933-8cfc-261c01d07d0d&sectionId=e0461ece-8cf3-4555-b59d-0d86fa925da9,383,3.0,4.92,3759.0
Passeio grátis pelos pontos essenciais de Madri,4549781?location=madrid&currentTab=experience_tab&federatedSearchId=64716661-c61f-4af6-8ce6-7e3d5fef065f&searchId=0ec07f65-f788-4933-8cfc-261c01d07d0d&sectionId=e0461ece-8cf3-4555-b59d-0d86fa925da9,6,2.5,4.88,864.0
Seu fotógrafo pessoal em Madri,3470567?location=madrid&currentTab=experience_tab&federatedSearchId=64716661-c61f-4af6-8ce6-7e3d5fef065f&searchId=0ec07f65-f788-4933-8cfc-261c01d07d0d&sectionId=e0461ece-8cf3-4555-b59d-0d86fa925da9,333,1.5,4.96,550.0
Degustação de vinhos perto da Plaza Mayor,468150?location=madrid&currentTab=experience_tab&federatedSearchId=64716661-c61f-4af6-8ce6-7e3d5fef065f&searchId=0ec07f65-f788-4933-8cfc-261c01d07d0d&sectionId=e0461ece-8cf3-4555-b59d-0d86fa925da9,89,1.0,4.95,1922.0
Passeio panorâmico por Madri,3429285?location=madrid&currentTab=experience_tab&federatedSearchId=64716661-c61f-4af6-8ce6-7e3d5fef065f&searchId=0ec07f65-f788-4933-8cfc-261c01d07d0d&sectionId=e0461ece-8cf3-4555-b59d-0d86fa925da9,167,1.5,4.98,409.0
Conheça novas pessoas e curta uma festa disco,210492?location=madrid&currentTab=experience_tab&federatedSearchId=64716661-c61f-4af6-8ce6-7e3d5fef065f&searchId=0ec07f65-f788-4933-8cfc-261c01d07d0d&sectionId=e0461ece-8cf3-4555-b59d-0d86fa925da9,67,4.0,4.75,1495.0
Segredos de Madri,1058787?location=madrid&currentTab=experience_tab&federatedSearchId=64716661-c61f-4af6-8ce6-7e3d5fef065f&searchId=0ec07f65-f788-4933-8cfc-261c01d07d0d&sectionId=e0461ece-8cf3-4555-b59d-0d86fa925da9,150,2.5,4.92,995.0
Dança flamenca em Madri,3320554?location=madrid&currentTab=experience_tab&federatedSearchId=64716661-c61f-4af6-8ce6-7e3d5fef065f&searchId=0ec07f65-f788-4933-8cfc-261c01d07d0d&sectionId=e0461ece-8cf3-4555-b59d-0d86fa925da9,161,1.0,4.97,227.0
Música ao vivo na noite de Madri,898400?location=madrid&currentTab=experience_tab&federatedSearchId=64716661-c61f-4af6-8ce6-7e3d5fef065f&searchId=0ec07f65-f788-4933-8cfc-261c01d07d0d&sectionId=e0461ece-8cf3-4555-b59d-0d86fa925da9,67,3.5,4.87,252.0
Uma viagem à Espanha medieval em Toledo e Segóvia,1377999?location=madrid&currentTab=experience_tab&federatedSearchId=64716661-c61f-4af6-8ce6-7e3d5fef065f&searchId=0ec07f65-f788-4933-8cfc-261c01d07d0d&sectionId=e0461ece-8cf3-4555-b59d-0d86fa925da9,722,11.0,4.95,266.0
Passeio de boas-vindas em Madri,3404015?location=madrid&currentTab=experience_tab&federatedSearchId=64716661-c61f-4af6-8ce6-7e3d5fef065f&searchId=0ec07f65-f788-4933-8cfc-261c01d07d0d&sectionId=e0461ece-8cf3-4555-b59d-0d86fa925da9,156,2.5,4.99,680.0
Explore os bares nos terraços de Madri,1099632?location=madrid&currentTab=experience_tab&federatedSearchId=64716661-c61f-4af6-8ce6-7e3d5fef065f&searchId=0ec07f65-f788-4933-8cfc-261c01d07d0d&sectionId=e0461ece-8cf3-4555-b59d-0d86fa925da9,117,3.0,4.94,402.0
Curta um jogo de Bernabeu perto dos jogadores,3901461?location=madrid&currentTab=experience_tab&federatedSearchId=64716661-c61f-4af6-8ce6-7e3d5fef065f&searchId=0ec07f65-f788-4933-8cfc-261c01d07d0d&sectionId=e0461ece-8cf3-4555-b59d-0d86fa925da9,2496,2.5,4.33,15.0
Passeio de bar em bar em Madri,3216097?location=madrid&currentTab=experience_tab&federatedSearchId=64716661-c61f-4af6-8ce6-7e3d5fef065f&searchId=0ec07f65-f788-4933-8cfc-261c01d07d0d&sectionId=e0461ece-8cf3-4555-b59d-0d86fa925da9,89,6.0,4.58,181.0
Aula de culinária de paella tradicional com frutos do mar,124487?location=madrid&currentTab=experience_tab&federatedSearchId=64716661-c61f-4af6-8ce6-7e3d5fef065f&searchId=0ec07f65-f788-4933-8cfc-261c01d07d0d&sectionId=e0461ece-8cf3-4555-b59d-0d86fa925da9,416,2.5,4.97,265.0
O melhor Tuk Tuk Electric Tour Privado de Madri,2734837?location=madrid&currentTab=experience_tab&federatedSearchId=64716661-c61f-4af6-8ce6-7e3d5fef065f&searchId=0ec07f65-f788-4933-8cfc-261c01d07d0d&sectionId=e0461ece-8cf3-4555-b59d-0d86fa925da9,250,1.5,4.81,342.0
Passeio de boas-vindas em Madri,3404015?location=madrid&currentTab=experience_tab&federatedSearchId=64716661-c61f-4af6-8ce6-7e3d5fef065f&searchId=0ec07f65-f788-4933-8cfc-261c01d07d0d&sectionId=5f0571d7-787d-4125-bb55-4a11c1b17c10,156,2.5,4.99,680.0
Uma viagem à Espanha medieval em Toledo e Segóvia,1377999?location=madrid&currentTab=experience_tab&federatedSearchId=64716661-c61f-4af6-8ce6-7e3d5fef065f&searchId=0ec07f65-f788-4933-8cfc-261c01d07d0d&sectionId=5f0571d7-787d-4125-bb55-4a11c1b17c10,722,11.0,4.95,266.0
Segredos de Madri,1058787?location=madrid&currentTab=experience_tab&federatedSearchId=64716661-c61f-4af6-8ce6-7e3d5fef065f&searchId=0ec07f65-f788-4933-8cfc-261c01d07d0d&sectionId=5f0571d7-787d-4125-bb55-4a11c1b17c10,150,2.5,4.92,995.0
Visite o Museu do Prado com especialista,718936?location=madrid&currentTab=experience_tab&federatedSearchId=64716661-c61f-4af6-8ce6-7e3d5fef065f&searchId=0ec07f65-f788-4933-8cfc-261c01d07d0d&sectionId=5f0571d7-787d-4125-bb55-4a11c1b17c10,355,3.0,5.0,800.0
História e gastronomia no centro histórico de Madri,183475?location=madrid&currentTab=experience_tab&federatedSearchId=64716661-c61f-4af6-8ce6-7e3d5fef065f&searchId=0ec07f65-f788-4933-8cfc-261c01d07d0d&sectionId=5f0571d7-787d-4125-bb55-4a11c1b17c10,433,3.5,4.97,1270.0
Conheça novas pessoas e curta uma festa disco,210492?location=madrid&currentTab=experience_tab&federatedSearchId=64716661-c61f-4af6-8ce6-7e3d5fef065f&searchId=0ec07f65-f788-4933-8cfc-261c01d07d0d&sectionId=5f0571d7-787d-4125-bb55-4a11c1b17c10,67,4.0,4.75,1495.0
O melhor Tuk Tuk Electric Tour Privado de Madri,2734837?location=madrid&currentTab=experience_tab&federatedSearchId=64716661-c61f-4af6-8ce6-7e3d5fef065f&searchId=0ec07f65-f788-4933-8cfc-261c01d07d0d&sectionId=5f0571d7-787d-4125-bb55-4a11c1b17c10,250,1.5,4.81,342.0
Música ao vivo na noite de Madri,898400?location=madrid&currentTab=experience_tab&federatedSearchId=64716661-c61f-4af6-8ce6-7e3d5fef065f&searchId=0ec07f65-f788-4933-8cfc-261c01d07d0d&sectionId=5f0571d7-787d-4125-bb55-4a11c1b17c10,67,3.5,4.87,252.0
Passeio panorâmico por Madri,3429285?location=madrid&currentTab=experience_tab&federatedSearchId=64716661-c61f-4af6-8ce6-7e3d5fef065f&searchId=0ec07f65-f788-4933-8cfc-261c01d07d0d&sectionId=5f0571d7-787d-4125-bb55-4a11c1b17c10,167,1.5,4.98,409.0
Dança flamenca em Madri,3320554?location=madrid&currentTab=experience_tab&federatedSearchId=64716661-c61f-4af6-8ce6-7e3d5fef065f&searchId=0ec07f65-f788-4933-8cfc-261c01d07d0d&sectionId=5f0571d7-787d-4125-bb55-4a11c1b17c10,161,1.0,4.97,227.0
Explore os bares nos terraços de Madri,1099632?location=madrid&currentTab=experience_tab&federatedSearchId=64716661-c61f-4af6-8ce6-7e3d5fef065f&searchId=0ec07f65-f788-4933-8cfc-261c01d07d0d&sectionId=5f0571d7-787d-4125-bb55-4a11c1b17c10,117,3.0,4.94,402.0
Aula de culinária de paella tradicional com frutos do mar,124487?location=madrid&currentTab=experience_tab&federatedSearchId=64716661-c61f-4af6-8ce6-7e3d5fef065f&searchId=0ec07f65-f788-4933-8cfc-261c01d07d0d&sectionId=5f0571d7-787d-4125-bb55-4a11c1b17c10,416,2.5,4.97,265.0
Show de flamenco tradicional em uma caverna histórica,3055740?location=madrid&currentTab=experience_tab&federatedSearchId=64716661-c61f-4af6-8ce6-7e3d5fef065f&searchId=5eab0abd-43e6-4ee3-9173-d12ce1a27a34&sectionId=69c57ebe-d5a1-47da-a241-62e3385c3870,156,1.5,4.9,3378.0
Conheça as autênticas tapas de Madrid,120070?location=madrid&currentTab=experience_tab&federatedSearchId=64716661-c61f-4af6-8ce6-7e3d5fef065f&searchId=5eab0abd-43e6-4ee3-9173-d12ce1a27a34&sectionId=69c57ebe-d5a1-47da-a241-62e3385c3870,383,3.0,4.92,3759.0
Passeio grátis pelos pontos essenciais de Madri,4549781?location=madrid&currentTab=experience_tab&federatedSearchId=64716661-c61f-4af6-8ce6-7e3d5fef065f&searchId=5eab0abd-43e6-4ee3-9173-d12ce1a27a34&sectionId=69c57ebe-d5a1-47da-a241-62e3385c3870,6,2.5,4.88,864.0
3 horas de passeio de bike pelos destaques de Madri,598954?location=madrid&currentTab=experience_tab&federatedSearchId=64716661-c61f-4af6-8ce6-7e3d5fef065f&searchId=5eab0abd-43e6-4ee3-9173-d12ce1a27a34&sectionId=69c57ebe-d5a1-47da-a241-62e3385c3870,156,3.0,4.92,2066.0
Seu fotógrafo pessoal em Madri,3470567?location=madrid&currentTab=experience_tab&federatedSearchId=64716661-c61f-4af6-8ce6-7e3d5fef065f&searchId=5eab0abd-43e6-4ee3-9173-d12ce1a27a34&sectionId=69c57ebe-d5a1-47da-a241-62e3385c3870,333,1.5,4.96,550.0
Degustação de vinhos perto da Plaza Mayor,468150?location=madrid&currentTab=experience_tab&federatedSearchId=64716661-c61f-4af6-8ce6-7e3d5fef065f&searchId=5eab0abd-43e6-4ee3-9173-d12ce1a27a34&sectionId=69c57ebe-d5a1-47da-a241-62e3385c3870,89,1.0,4.95,1922.0
Passeio panorâmico por Madri,3429285?location=madrid&currentTab=experience_tab&federatedSearchId=64716661-c61f-4af6-8ce6-7e3d5fef065f&searchId=5eab0abd-43e6-4ee3-9173-d12ce1a27a34&sectionId=69c57ebe-d5a1-47da-a241-62e3385c3870,167,1.5,4.98,409.0
Conheça novas pessoas e curta uma festa disco,210492?location=madrid&currentTab=experience_tab&federatedSearchId=64716661-c61f-4af6-8ce6-7e3d5fef065f&searchId=5eab0abd-43e6-4ee3-9173-d12ce1a27a34&sectionId=69c57ebe-d5a1-47da-a241-62e3385c3870,67,4.0,4.75,1495.0
Segredos de Madri,1058787?location=madrid&currentTab=experience_tab&federatedSearchId=64716661-c61f-4af6-8ce6-7e3d5fef065f&searchId=5eab0abd-43e6-4ee3-9173-d12ce1a27a34&sectionId=69c57ebe-d5a1-47da-a241-62e3385c3870,150,2.5,4.92,995.0
Dança flamenca em Madri,3320554?location=madrid&currentTab=experience_tab&federatedSearchId=64716661-c61f-4af6-8ce6-7e3d5fef065f&searchId=5eab0abd-43e6-4ee3-9173-d12ce1a27a34&sectionId=69c57ebe-d5a1-47da-a241-62e3385c3870,161,1.0,4.97,227.0
Música ao vivo na noite de Madri,898400?location=madrid&currentTab=experience_tab&federatedSearchId=64716661-c61f-4af6-8ce6-7e3d5fef065f&searchId=5eab0abd-43e6-4ee3-9173-d12ce1a27a34&sectionId=69c57ebe-d5a1-47da-a241-62e3385c3870,67,3.5,4.87,252.0
Uma viagem à Espanha medieval em Toledo e Segóvia,1377999?location=madrid&currentTab=experience_tab&federatedSearchId=64716661-c61f-4af6-8ce6-7e3d5fef065f&searchId=5eab0abd-43e6-4ee3-9173-d12ce1a27a34&sectionId=69c57ebe-d5a1-47da-a241-62e3385c3870,722,11.0,4.95,266.0
Passeio de boas-vindas em Madri,3404015?location=madrid&currentTab=experience_tab&federatedSearchId=64716661-c61f-4af6-8ce6-7e3d5fef065f&searchId=5eab0abd-43e6-4ee3-9173-d12ce1a27a34&sectionId=69c57ebe-d5a1-47da-a241-62e3385c3870,156,2.5,4.99,680.0
Explore os bares nos terraços de Madri,1099632?location=madrid&currentTab=experience_tab&federatedSearchId=64716661-c61f-4af6-8ce6-7e3d5fef065f&searchId=5eab0abd-43e6-4ee3-9173-d12ce1a27a34&sectionId=69c57ebe-d5a1-47da-a241-62e3385c3870,117,3.0,4.94,402.0
Curta um jogo de Bernabeu perto dos jogadores,3901461?location=madrid&currentTab=experience_tab&federatedSearchId=64716661-c61f-4af6-8ce6-7e3d5fef065f&searchId=5eab0abd-43e6-4ee3-9173-d12ce1a27a34&sectionId=69c57ebe-d5a1-47da-a241-62e3385c3870,2496,2.5,4.33,15.0
Passeio de bar em bar em Madri,3216097?location=madrid&currentTab=experience_tab&federatedSearchId=64716661-c61f-4af6-8ce6-7e3d5fef065f&searchId=5eab0abd-43e6-4ee3-9173-d12ce1a27a34&sectionId=69c57ebe-d5a1-47da-a241-62e3385c3870,89,6.0,4.58,181.0
Aula de culinária de paella tradicional com frutos do mar,124487?location=madrid&currentTab=experience_tab&federatedSearchId=64716661-c61f-4af6-8ce6-7e3d5fef065f&searchId=5eab0abd-43e6-4ee3-9173-d12ce1a27a34&sectionId=69c57ebe-d5a1-47da-a241-62e3385c3870,416,2.5,4.97,265.0
O melhor Tuk Tuk Electric Tour Privado de Madri,2734837?location=madrid&currentTab=experience_tab&federatedSearchId=64716661-c61f-4af6-8ce6-7e3d5fef065f&searchId=5eab0abd-43e6-4ee3-9173-d12ce1a27a34&sectionId=69c57ebe-d5a1-47da-a241-62e3385c3870,250,1.5,4.81,342.0
Visite o Museu do Prado com especialista,718936?location=madrid&currentTab=experience_tab&federatedSearchId=64716661-c61f-4af6-8ce6-7e3d5fef065f&searchId=5eab0abd-43e6-4ee3-9173-d12ce1a27a34&sectionId=69c57ebe-d5a1-47da-a241-62e3385c3870,355,3.0,5.0,800.0
Visita à fábrica de chocolate Kaicao com degustação,4695179?location=madrid&currentTab=experience_tab&federatedSearchId=64716661-c61f-4af6-8ce6-7e3d5fef065f&searchId=5eab0abd-43e6-4ee3-9173-d12ce1a27a34&sectionId=69c57ebe-d5a1-47da-a241-62e3385c3870,84,1.0,4.97,202.0
A magia e os segredos do Parque do Retiro com Segway,255436?location=madrid&currentTab=experience_tab&federatedSearchId=64716661-c61f-4af6-8ce6-7e3d5fef065f&searchId=5eab0abd-43e6-4ee3-9173-d12ce1a27a34&sectionId=69c57ebe-d5a1-47da-a241-62e3385c3870,161,1.0,4.85,728.0
História e gastronomia no centro histórico de Madri,183475?location=madrid&currentTab=experience_tab&federatedSearchId=64716661-c61f-4af6-8ce6-7e3d5fef065f&searchId=5eab0abd-43e6-4ee3-9173-d12ce1a27a34&sectionId=69c57ebe-d5a1-47da-a241-62e3385c3870,433,3.5,4.97,1270.0
Flamenco e vinho,3897076?location=madrid&currentTab=experience_tab&federatedSearchId=64716661-c61f-4af6-8ce6-7e3d5fef065f&searchId=5eab0abd-43e6-4ee3-9173-d12ce1a27a34&sectionId=69c57ebe-d5a1-47da-a241-62e3385c3870,195,1.5,5.0,32.0
Passeio de bar em bar em Madri,2934025?location=madrid&currentTab=experience_tab&federatedSearchId=64716661-c61f-4af6-8ce6-7e3d5fef065f&searchId=5eab0abd-43e6-4ee3-9173-d12ce1a27a34&sectionId=69c57ebe-d5a1-47da-a241-62e3385c3870,67,5.0,4.63,38.0
Conheça outros viajantes e faça amigos internacionais,113640?location=madrid&currentTab=experience_tab&federatedSearchId=64716661-c61f-4af6-8ce6-7e3d5fef065f&searchId=5eab0abd-43e6-4ee3-9173-d12ce1a27a34&sectionId=69c57ebe-d5a1-47da-a241-62e3385c3870,17,2.5,4.69,220.0
Passeio de bicicleta pelo melhor de Madri com tapas,1855591?location=madrid&currentTab=experience_tab&federatedSearchId=64716661-c61f-4af6-8ce6-7e3d5fef065f&searchId=5eab0abd-43e6-4ee3-9173-d12ce1a27a34&sectionId=69c57ebe-d5a1-47da-a241-62e3385c3870,245,3.0,4.94,417.0
Sessão de fotos em Madri e passeio,4388454?location=madrid&currentTab=experience_tab&federatedSearchId=64716661-c61f-4af6-8ce6-7e3d5fef065f&searchId=5eab0abd-43e6-4ee3-9173-d12ce1a27a34&sectionId=69c57ebe-d5a1-47da-a241-62e3385c3870,217,2.0,4.98,63.0
Oficina de trabalho em couro em bairro tradicional de Madri,643439?location=madrid&currentTab=experience_tab&federatedSearchId=64716661-c61f-4af6-8ce6-7e3d5fef065f&searchId=5eab0abd-43e6-4ee3-9173-d12ce1a27a34&sectionId=69c57ebe-d5a1-47da-a241-62e3385c3870,306,3.0,4.95,410.0
Madri de bicicleta e sessão fotográfica,2904621?location=madrid&currentTab=experience_tab&federatedSearchId=64716661-c61f-4af6-8ce6-7e3d5fef065f&searchId=5eab0abd-43e6-4ee3-9173-d12ce1a27a34&sectionId=69c57ebe-d5a1-47da-a241-62e3385c3870,211,3.0,4.98,296.0
Descubra o mundo do presunto ibérico Pata Negra,86399?location=madrid&currentTab=experience_tab&federatedSearchId=64716661-c61f-4af6-8ce6-7e3d5fef065f&searchId=5eab0abd-43e6-4ee3-9173-d12ce1a27a34&sectionId=69c57ebe-d5a1-47da-a241-62e3385c3870,322,1.5,4.99,648.0
Museu do Prado com historiadora da arte (grupo reduzido),3564075?location=madrid&currentTab=experience_tab&federatedSearchId=64716661-c61f-4af6-8ce6-7e3d5fef065f&searchId=5eab0abd-43e6-4ee3-9173-d12ce1a27a34&sectionId=69c57ebe-d5a1-47da-a241-62e3385c3870,222,2.5,4.99,187.0
Oficina de culinária de paella mediterrânea,1510122?location=madrid&currentTab=experience_tab&federatedSearchId=64716661-c61f-4af6-8ce6-7e3d5fef065f&searchId=5eab0abd-43e6-4ee3-9173-d12ce1a27a34&sectionId=69c57ebe-d5a1-47da-a241-62e3385c3870,333,3.0,4.98,235.0
"Explore Toledo, a cidade medieval e os moinhos de Quixote",1924709?location=madrid&currentTab=experience_tab&federatedSearchId=64716661-c61f-4af6-8ce6-7e3d5fef065f&searchId=5eab0abd-43e6-4ee3-9173-d12ce1a27a34&sectionId=69c57ebe-d5a1-47da-a241-62e3385c3870,722,9.5,4.99,81.0
O Museu do Prado com especialista em arte,525987?location=madrid&currentTab=experience_tab&federatedSearchId=64716661-c61f-4af6-8ce6-7e3d5fef065f&searchId=5eab0abd-43e6-4ee3-9173-d12ce1a27a34&sectionId=69c57ebe-d5a1-47da-a241-62e3385c3870,195,2.5,4.99,636.0
A cultura de Madri em uma sessão de fotos,65440?location=madrid&currentTab=experience_tab&federatedSearchId=64716661-c61f-4af6-8ce6-7e3d5fef065f&searchId=5eab0abd-43e6-4ee3-9173-d12ce1a27a34&sectionId=69c57ebe-d5a1-47da-a241-62e3385c3870,389,1.0,4.98,443.0
Passeio matinal pelo essencial de Madri,1199547?location=madrid&currentTab=experience_tab&federatedSearchId=64716661-c61f-4af6-8ce6-7e3d5fef065f&searchId=5eab0abd-43e6-4ee3-9173-d12ce1a27a34&sectionId=69c57ebe-d5a1-47da-a241-62e3385c3870,6,2.0,4.75,806.0
Minha sessão de fotos em Madri,3229344?location=madrid&currentTab=experience_tab&federatedSearchId=64716661-c61f-4af6-8ce6-7e3d5fef065f&searchId=5eab0abd-43e6-4ee3-9173-d12ce1a27a34&sectionId=69c57ebe-d5a1-47da-a241-62e3385c3870,233,1.5,4.97,73.0
A melhor degustação de café em Madri com café da manhã,3054560?location=madrid&currentTab=experience_tab&federatedSearchId=64716661-c61f-4af6-8ce6-7e3d5fef065f&searchId=5eab0abd-43e6-4ee3-9173-d12ce1a27a34&sectionId=69c57ebe-d5a1-47da-a241-62e3385c3870,178,2.0,4.97,355.0
Prepare suas próprias tapas em Madri com um vinho infinito,4096416?location=madrid&currentTab=experience_tab&federatedSearchId=64716661-c61f-4af6-8ce6-7e3d5fef065f&searchId=5eab0abd-43e6-4ee3-9173-d12ce1a27a34&sectionId=69c57ebe-d5a1-47da-a241-62e3385c3870,583,3.0,4.97,317.0
Tour Fotográfico Rápido,1221310?location=madrid&currentTab=experience_tab&federatedSearchId=64716661-c61f-4af6-8ce6-7e3d5fef065f&searchId=5eab0abd-43e6-4ee3-9173-d12ce1a27a34&sectionId=69c57ebe-d5a1-47da-a241-62e3385c3870,278,1.0,5.0,45.0
Beba e pinte no centro de Madri,879209?location=madrid&currentTab=experience_tab&federatedSearchId=64716661-c61f-4af6-8ce6-7e3d5fef065f&searchId=5eab0abd-43e6-4ee3-9173-d12ce1a27a34&sectionId=69c57ebe-d5a1-47da-a241-62e3385c3870,278,2.0,4.99,204.0
Tour de tapas veganas mais badalado em Madri,724327?location=madrid&currentTab=experience_tab&federatedSearchId=64716661-c61f-4af6-8ce6-7e3d5fef065f&searchId=5eab0abd-43e6-4ee3-9173-d12ce1a27a34&sectionId=69c57ebe-d5a1-47da-a241-62e3385c3870,378,3.0,4.98,156.0
Tour de tapas e vinhos em Madri com vista para os terraços,645646?location=madrid&currentTab=experience_tab&federatedSearchId=64716661-c61f-4af6-8ce6-7e3d5fef065f&searchId=5eab0abd-43e6-4ee3-9173-d12ce1a27a34&sectionId=69c57ebe-d5a1-47da-a241-62e3385c3870,461,4.0,4.87,223.0
Caminhada histórica magnífica em Madri,109803?location=madrid&currentTab=experience_tab&federatedSearchId=64716661-c61f-4af6-8ce6-7e3d5fef065f&searchId=5eab0abd-43e6-4ee3-9173-d12ce1a27a34&sectionId=69c57ebe-d5a1-47da-a241-62e3385c3870,139,2.0,4.88,716.0
Tour Básico Gratuito em Madri à tarde,1381786?location=madrid&currentTab=experience_tab&federatedSearchId=64716661-c61f-4af6-8ce6-7e3d5fef065f&searchId=5eab0abd-43e6-4ee3-9173-d12ce1a27a34&sectionId=69c57ebe-d5a1-47da-a241-62e3385c3870,6,2.0,4.82,144.0
Passeio arquitetônico na Gran Vía e as mais belas vistas de Madri,490400?location=madrid&currentTab=experience_tab&federatedSearchId=64716661-c61f-4af6-8ce6-7e3d5fef065f&searchId=5eab0abd-43e6-4ee3-9173-d12ce1a27a34&sectionId=69c57ebe-d5a1-47da-a241-62e3385c3870,272,3.5,4.97,287.0
Visite Cuenca e uma vinícola na Toscana espanhola,865054?location=madrid&currentTab=experience_tab&federatedSearchId=64716661-c61f-4af6-8ce6-7e3d5fef065f&searchId=5eab0abd-43e6-4ee3-9173-d12ce1a27a34&sectionId=69c57ebe-d5a1-47da-a241-62e3385c3870,722,11.0,5.0,18.0
Patones e Las Cárcavas: passeio e vinho (Sierra Norte de Madrid),3611755?location=madrid&currentTab=experience_tab&federatedSearchId=64716661-c61f-4af6-8ce6-7e3d5fef065f&searchId=5eab0abd-43e6-4ee3-9173-d12ce1a27a34&sectionId=69c57ebe-d5a1-47da-a241-62e3385c3870,611,8.0,5.0,111.0
Conheça as tapas e as cervejas artesanais de Madri,1104187?location=madrid&currentTab=experience_tab&federatedSearchId=64716661-c61f-4af6-8ce6-7e3d5fef065f&searchId=5eab0abd-43e6-4ee3-9173-d12ce1a27a34&sectionId=69c57ebe-d5a1-47da-a241-62e3385c3870,6,2.0,4.99,162.0
Descubra o Palácio Real de Madri e a Catedral,1613960?location=madrid&currentTab=experience_tab&federatedSearchId=64716661-c61f-4af6-8ce6-7e3d5fef065f&searchId=5eab0abd-43e6-4ee3-9173-d12ce1a27a34&sectionId=69c57ebe-d5a1-47da-a241-62e3385c3870,311,2.0,4.98,273.0
"Madri de bicicleta, sessão de fotos e tapas",2912556?location=madrid&currentTab=experience_tab&federatedSearchId=64716661-c61f-4af6-8ce6-7e3d5fef065f&searchId=5eab0abd-43e6-4ee3-9173-d12ce1a27a34&sectionId=69c57ebe-d5a1-47da-a241-62e3385c3870,344,3.5,4.98,240.0
Prepare tapas em um restaurante secreto,183722?location=madrid&currentTab=experience_tab&federatedSearchId=64716661-c61f-4af6-8ce6-7e3d5fef065f&searchId=5eab0abd-43e6-4ee3-9173-d12ce1a27a34&sectionId=69c57ebe-d5a1-47da-a241-62e3385c3870,494,3.5,4.98,507.0
"Montanhas, vila e castelo",680533?location=madrid&currentTab=experience_tab&federatedSearchId=64716661-c61f-4af6-8ce6-7e3d5fef065f&searchId=5eab0abd-43e6-4ee3-9173-d12ce1a27a34&sectionId=69c57ebe-d5a1-47da-a241-62e3385c3870,156,4.5,4.92,222.0
Passeio gratuito por Madri dos espiões,4468225?location=madrid&currentTab=experience_tab&federatedSearchId=64716661-c61f-4af6-8ce6-7e3d5fef065f&searchId=5eab0abd-43e6-4ee3-9173-d12ce1a27a34&sectionId=69c57ebe-d5a1-47da-a241-62e3385c3870,6,2.0,4.94,32.0
Tour de corrida (9 km) em Madri,834863?location=madrid&currentTab=experience_tab&federatedSearchId=64716661-c61f-4af6-8ce6-7e3d5fef065f&searchId=5eab0abd-43e6-4ee3-9173-d12ce1a27a34&sectionId=69c57ebe-d5a1-47da-a241-62e3385c3870,217,1.5,4.99,122.0
Passeio monumental por lugares emblemáticos de Madri,4549678?location=madrid&currentTab=experience_tab&federatedSearchId=64716661-c61f-4af6-8ce6-7e3d5fef065f&searchId=5eab0abd-43e6-4ee3-9173-d12ce1a27a34&sectionId=69c57ebe-d5a1-47da-a241-62e3385c3870,6,2.5,4.83,35.0
Sessão de Fotos no magnífico Parque del Retiro,1259714?location=madrid&currentTab=experience_tab&federatedSearchId=64716661-c61f-4af6-8ce6-7e3d5fef065f&searchId=5eab0abd-43e6-4ee3-9173-d12ce1a27a34&sectionId=69c57ebe-d5a1-47da-a241-62e3385c3870,278,1.5,5.0,21.0
Comida espanhola autêntica e mercado local como um verdadeiro local,3737473?location=madrid&currentTab=experience_tab&federatedSearchId=64716661-c61f-4af6-8ce6-7e3d5fef065f&searchId=5eab0abd-43e6-4ee3-9173-d12ce1a27a34&sectionId=69c57ebe-d5a1-47da-a241-62e3385c3870,211,2.5,5.0,64.0
Tour Livre Madrid Enfeitiçada em Espanhol,1832377?location=madrid&currentTab=experience_tab&federatedSearchId=64716661-c61f-4af6-8ce6-7e3d5fef065f&searchId=5eab0abd-43e6-4ee3-9173-d12ce1a27a34&sectionId=69c57ebe-d5a1-47da-a241-62e3385c3870,6,2.0,4.78,60.0
Passeio guiado pelo Museu do Prado sem filas,3247121?location=madrid&currentTab=experience_tab&federatedSearchId=64716661-c61f-4af6-8ce6-7e3d5fef065f&searchId=5eab0abd-43e6-4ee3-9173-d12ce1a27a34&sectionId=69c57ebe-d5a1-47da-a241-62e3385c3870,123,1.5,4.99,75.0
Passeio gastronômico pela manhã em Madri,1167884?location=madrid&currentTab=experience_tab&federatedSearchId=64716661-c61f-4af6-8ce6-7e3d5fef065f&searchId=5eab0abd-43e6-4ee3-9173-d12ce1a27a34&sectionId=69c57ebe-d5a1-47da-a241-62e3385c3870,328,2.5,4.92,127.0
"""Sabores da Espanha"" degustações de vinhos, Jamón e queijos",1552028?location=madrid&currentTab=experience_tab&federatedSearchId=64716661-c61f-4af6-8ce6-7e3d5fef065f&searchId=5eab0abd-43e6-4ee3-9173-d12ce1a27a34&sectionId=69c57ebe-d5a1-47da-a241-62e3385c3870,267,1.5,4.95,118.0
Passeio pela literatura excêntrica de Madrid,4542724?location=madrid&currentTab=experience_tab&federatedSearchId=64716661-c61f-4af6-8ce6-7e3d5fef065f&searchId=5eab0abd-43e6-4ee3-9173-d12ce1a27a34&sectionId=69c57ebe-d5a1-47da-a241-62e3385c3870,84,1.5,5.0,18.0
Experiência de boas-vindas em Mad,3334257?location=madrid&currentTab=experience_tab&federatedSearchId=64716661-c61f-4af6-8ce6-7e3d5fef065f&searchId=5eab0abd-43e6-4ee3-9173-d12ce1a27a34&sectionId=69c57ebe-d5a1-47da-a241-62e3385c3870,6,1.0,4.97,32.0
A história única do Insta de Madri,2940002?location=madrid&currentTab=experience_tab&federatedSearchId=64716661-c61f-4af6-8ce6-7e3d5fef065f&searchId=5eab0abd-43e6-4ee3-9173-d12ce1a27a34&sectionId=69c57ebe-d5a1-47da-a241-62e3385c3870,278,1.0,5.0,19.0
"Aula de culinária, croquetes e tortilha espanhola com degustação",1589119?location=madrid&currentTab=experience_tab&federatedSearchId=64716661-c61f-4af6-8ce6-7e3d5fef065f&searchId=5eab0abd-43e6-4ee3-9173-d12ce1a27a34&sectionId=69c57ebe-d5a1-47da-a241-62e3385c3870,333,2.5,5.0,39.0
Arte de rua inusitada,17969?location=madrid&currentTab=experience_tab&federatedSearchId=64716661-c61f-4af6-8ce6-7e3d5fef065f&searchId=5eab0abd-43e6-4ee3-9173-d12ce1a27a34&sectionId=69c57ebe-d5a1-47da-a241-62e3385c3870,111,2.0,4.84,283.0
Descubra a história da cidade de Madri,188482?location=madrid&currentTab=experience_tab&federatedSearchId=64716661-c61f-4af6-8ce6-7e3d5fef065f&searchId=5eab0abd-43e6-4ee3-9173-d12ce1a27a34&sectionId=69c57ebe-d5a1-47da-a241-62e3385c3870,100,2.5,4.96,322.0
O passeio a cavalo original no Parque Nacional,669354?location=madrid&currentTab=experience_tab&federatedSearchId=64716661-c61f-4af6-8ce6-7e3d5fef065f&searchId=5eab0abd-43e6-4ee3-9173-d12ce1a27a34&sectionId=69c57ebe-d5a1-47da-a241-62e3385c3870,278,2.0,5.0,65.0
Degustação de azeite de oliva extra virgem premium com aperitivo,2482478?location=madrid&currentTab=experience_tab&federatedSearchId=64716661-c61f-4af6-8ce6-7e3d5fef065f&searchId=5eab0abd-43e6-4ee3-9173-d12ce1a27a34&sectionId=69c57ebe-d5a1-47da-a241-62e3385c3870,211,2.0,4.99,77.0
Visita guiada ao Palácio Real sem filas e super atrações,970917?location=madrid&currentTab=experience_tab&federatedSearchId=64716661-c61f-4af6-8ce6-7e3d5fef065f&searchId=5eab0abd-43e6-4ee3-9173-d12ce1a27a34&sectionId=69c57ebe-d5a1-47da-a241-62e3385c3870,111,1.5,5.0,28.0
Descobrindo a Madri Medieval,302855?location=madrid&currentTab=experience_tab&federatedSearchId=64716661-c61f-4af6-8ce6-7e3d5fef065f&searchId=5eab0abd-43e6-4ee3-9173-d12ce1a27a34&sectionId=69c57ebe-d5a1-47da-a241-62e3385c3870,195,2.5,4.96,405.0
Show de brunch flamenco ao vivo com degustação de tapas espanholas,4361470?location=madrid&currentTab=experience_tab&federatedSearchId=64716661-c61f-4af6-8ce6-7e3d5fef065f&searchId=5eab0abd-43e6-4ee3-9173-d12ce1a27a34&sectionId=69c57ebe-d5a1-47da-a241-62e3385c3870,328,2.0,4.93,60.0
Os segredos de Madrid,618363?location=madrid&currentTab=experience_tab&federatedSearchId=64716661-c61f-4af6-8ce6-7e3d5fef065f&searchId=5eab0abd-43e6-4ee3-9173-d12ce1a27a34&sectionId=69c57ebe-d5a1-47da-a241-62e3385c3870,85,2.0,4.95,40.0
Sessão de fotos privativa na cidade,400343?location=madrid&currentTab=experience_tab&federatedSearchId=64716661-c61f-4af6-8ce6-7e3d5fef065f&searchId=5eab0abd-43e6-4ee3-9173-d12ce1a27a34&sectionId=69c57ebe-d5a1-47da-a241-62e3385c3870,306,1.0,5.0,30.0
Passeie e escreva na antiga Madri,1152433?location=madrid&currentTab=experience_tab&federatedSearchId=64716661-c61f-4af6-8ce6-7e3d5fef065f&searchId=5eab0abd-43e6-4ee3-9173-d12ce1a27a34&sectionId=69c57ebe-d5a1-47da-a241-62e3385c3870,100,1.5,4.78,27.0
Destaques da literatura de Madri,3565734?location=madrid&currentTab=experience_tab&federatedSearchId=64716661-c61f-4af6-8ce6-7e3d5fef065f&searchId=5eab0abd-43e6-4ee3-9173-d12ce1a27a34&sectionId=69c57ebe-d5a1-47da-a241-62e3385c3870,95,1.5,4.85,47.0
"Madri, uma viagem no tempo",918158?location=madrid&currentTab=experience_tab&federatedSearchId=64716661-c61f-4af6-8ce6-7e3d5fef065f&searchId=5eab0abd-43e6-4ee3-9173-d12ce1a27a34&sectionId=69c57ebe-d5a1-47da-a241-62e3385c3870,111,2.0,4.97,75.0
Paella e tortilla autênticas com sangria,119739?location=madrid&currentTab=experience_tab&federatedSearchId=64716661-c61f-4af6-8ce6-7e3d5fef065f&searchId=5eab0abd-43e6-4ee3-9173-d12ce1a27a34&sectionId=69c57ebe-d5a1-47da-a241-62e3385c3870,383,2.5,4.96,1127.0
Tapas e bebidas no Gayborhood — LGBTQIA+,205571?location=madrid&currentTab=experience_tab&federatedSearchId=64716661-c61f-4af6-8ce6-7e3d5fef065f&searchId=5eab0abd-43e6-4ee3-9173-d12ce1a27a34&sectionId=69c57ebe-d5a1-47da-a241-62e3385c3870,472,2.5,4.93,360.0
Degustação de vinhos e cidades pitorescas nos arredores de Madri,1819375?location=madrid&currentTab=experience_tab&federatedSearchId=64716661-c61f-4af6-8ce6-7e3d5fef065f&searchId=5eab0abd-43e6-4ee3-9173-d12ce1a27a34&sectionId=69c57ebe-d5a1-47da-a241-62e3385c3870,722,6.0,5.0,102.0
"Toledo, Segóvia e Ávila, passeio por três cidades de Madri",3638200?location=madrid&currentTab=experience_tab&federatedSearchId=64716661-c61f-4af6-8ce6-7e3d5fef065f&searchId=5eab0abd-43e6-4ee3-9173-d12ce1a27a34&sectionId=69c57ebe-d5a1-47da-a241-62e3385c3870,484,13.0,4.64,94.0
Explore o mosteiro de pedra e descubra Sigüenza,2313453?location=madrid&currentTab=experience_tab&federatedSearchId=64716661-c61f-4af6-8ce6-7e3d5fef065f&searchId=5eab0abd-43e6-4ee3-9173-d12ce1a27a34&sectionId=69c57ebe-d5a1-47da-a241-62e3385c3870,722,11.0,4.89,19.0
Passeio pela Harley Davidson do viajante em Madri,4862545?location=madrid&currentTab=experience_tab&federatedSearchId=64716661-c61f-4af6-8ce6-7e3d5fef065f&searchId=5eab0abd-43e6-4ee3-9173-d12ce1a27a34&sectionId=69c57ebe-d5a1-47da-a241-62e3385c3870,350,1.0,5.0,22.0
Viajando no tempo em Madri,375439?location=madrid&currentTab=experience_tab&federatedSearchId=64716661-c61f-4af6-8ce6-7e3d5fef065f&searchId=5eab0abd-43e6-4ee3-9173-d12ce1a27a34&sectionId=69c57ebe-d5a1-47da-a241-62e3385c3870,139,2.0,5.0,12.0
Espanha para os amantes da gastronomia,377168?location=madrid&currentTab=experience_tab&federatedSearchId=64716661-c61f-4af6-8ce6-7e3d5fef065f&searchId=5eab0abd-43e6-4ee3-9173-d12ce1a27a34&sectionId=69c57ebe-d5a1-47da-a241-62e3385c3870,1221,7.0,5.0,405.0
"Segóvia, Ávila e Toledo saindo de Madri",694972?location=madrid&currentTab=experience_tab&federatedSearchId=64716661-c61f-4af6-8ce6-7e3d5fef065f&searchId=5eab0abd-43e6-4ee3-9173-d12ce1a27a34&sectionId=69c57ebe-d5a1-47da-a241-62e3385c3870,666,12.0,4.7,405.0
Sessão de fotos profissional em Madri,113716?location=madrid&currentTab=experience_tab&federatedSearchId=64716661-c61f-4af6-8ce6-7e3d5fef065f&searchId=5eab0abd-43e6-4ee3-9173-d12ce1a27a34&sectionId=69c57ebe-d5a1-47da-a241-62e3385c3870,361,1.5,4.97,259.0
A cavalo no parque natural de Madri,54665?location=madrid&currentTab=experience_tab&federatedSearchId=64716661-c61f-4af6-8ce6-7e3d5fef065f&searchId=5eab0abd-43e6-4ee3-9173-d12ce1a27a34&sectionId=69c57ebe-d5a1-47da-a241-62e3385c3870,361,2.5,4.91,218.0
Tapas e caminhada pela antiga Madri,1057622?location=madrid&currentTab=experience_tab&federatedSearchId=64716661-c61f-4af6-8ce6-7e3d5fef065f&searchId=5eab0abd-43e6-4ee3-9173-d12ce1a27a34&sectionId=69c57ebe-d5a1-47da-a241-62e3385c3870,184,2.5,5.0,35.0
Desfrute de uma verdadeira aula de culinária espanhola,223370?location=madrid&currentTab=experience_tab&federatedSearchId=64716661-c61f-4af6-8ce6-7e3d5fef065f&searchId=5eab0abd-43e6-4ee3-9173-d12ce1a27a34&sectionId=69c57ebe-d5a1-47da-a241-62e3385c3870,444,3.0,4.98,80.0
"Experimente a China, Bolívia e Espanha no distrito de Usera",270575?location=madrid&currentTab=experience_tab&federatedSearchId=64716661-c61f-4af6-8ce6-7e3d5fef065f&searchId=5eab0abd-43e6-4ee3-9173-d12ce1a27a34&sectionId=69c57ebe-d5a1-47da-a241-62e3385c3870,172,2.0,4.97,29.0
Sessão de fotos privativa: a alma de Madri,475171?location=madrid&currentTab=experience_tab&federatedSearchId=64716661-c61f-4af6-8ce6-7e3d5fef065f&searchId=5eab0abd-43e6-4ee3-9173-d12ce1a27a34&sectionId=69c57ebe-d5a1-47da-a241-62e3385c3870,195,1.5,4.93,142.0
One Breath em Madri,1176834?location=madrid&currentTab=experience_tab&federatedSearchId=64716661-c61f-4af6-8ce6-7e3d5fef065f&searchId=5eab0abd-43e6-4ee3-9173-d12ce1a27a34&sectionId=69c57ebe-d5a1-47da-a241-62e3385c3870,150,1.0,5.0,11.0
Sessão de fotos profissional no parque El Retiro,4657450?location=madrid&currentTab=experience_tab&federatedSearchId=64716661-c61f-4af6-8ce6-7e3d5fef065f&searchId=5eab0abd-43e6-4ee3-9173-d12ce1a27a34&sectionId=69c57ebe-d5a1-47da-a241-62e3385c3870,333,1.0,5.0,8.0
Ioga no Parque do Retiro,3849360?location=madrid&currentTab=experience_tab&federatedSearchId=64716661-c61f-4af6-8ce6-7e3d5fef065f&searchId=5eab0abd-43e6-4ee3-9173-d12ce1a27a34&sectionId=69c57ebe-d5a1-47da-a241-62e3385c3870,167,1.0,5.0,8.0
A arquitetura de Madri para todos,535775?location=madrid&currentTab=experience_tab&federatedSearchId=64716661-c61f-4af6-8ce6-7e3d5fef065f&searchId=5eab0abd-43e6-4ee3-9173-d12ce1a27a34&sectionId=69c57ebe-d5a1-47da-a241-62e3385c3870,167,2.0,4.99,149.0
Jogue tênis com um profissional em um lugar secreto de Madri,1473789?location=madrid&currentTab=experience_tab&federatedSearchId=64716661-c61f-4af6-8ce6-7e3d5fef065f&searchId=5eab0abd-43e6-4ee3-9173-d12ce1a27a34&sectionId=69c57ebe-d5a1-47da-a241-62e3385c3870,444,1.0,5.0,65.0
Passeio por Madri em inglês,3897341?location=madrid&currentTab=experience_tab&federatedSearchId=64716661-c61f-4af6-8ce6-7e3d5fef065f&searchId=5eab0abd-43e6-4ee3-9173-d12ce1a27a34&sectionId=69c57ebe-d5a1-47da-a241-62e3385c3870,6,2.0,4.56,16.0
Passeio pela cidade de Toledo e experiência em vinícola,1529039?location=madrid&currentTab=experience_tab&federatedSearchId=64716661-c61f-4af6-8ce6-7e3d5fef065f&searchId=5eab0abd-43e6-4ee3-9173-d12ce1a27a34&sectionId=69c57ebe-d5a1-47da-a241-62e3385c3870,555,8.0,4.64,107.0
Vale dos Caídos e almoço no mosteiro oculto,663808?location=madrid&currentTab=experience_tab&federatedSearchId=64716661-c61f-4af6-8ce6-7e3d5fef065f&searchId=5eab0abd-43e6-4ee3-9173-d12ce1a27a34&sectionId=69c57ebe-d5a1-47da-a241-62e3385c3870,400,6.5,5.0,7.0
Sessão de fotos para casais em Madri,4312131?location=madrid&currentTab=experience_tab&federatedSearchId=64716661-c61f-4af6-8ce6-7e3d5fef065f&searchId=5eab0abd-43e6-4ee3-9173-d12ce1a27a34&sectionId=69c57ebe-d5a1-47da-a241-62e3385c3870,416,1.5,5.0,17.0
Tour das tapas de Apetite Aventureira em Madri,59054?location=madrid&currentTab=experience_tab&federatedSearchId=64716661-c61f-4af6-8ce6-7e3d5fef065f&searchId=5eab0abd-43e6-4ee3-9173-d12ce1a27a34&sectionId=69c57ebe-d5a1-47da-a241-62e3385c3870,333,4.0,5.0,21.0
Planejador personalizado da cidade em Madri,3804653?location=madrid&currentTab=experience_tab&federatedSearchId=64716661-c61f-4af6-8ce6-7e3d5fef065f&searchId=5eab0abd-43e6-4ee3-9173-d12ce1a27a34&sectionId=69c57ebe-d5a1-47da-a241-62e3385c3870,111,1.0,4.8,15.0
A Madri essencial,2516284?location=madrid&currentTab=experience_tab&federatedSearchId=64716661-c61f-4af6-8ce6-7e3d5fef065f&searchId=5eab0abd-43e6-4ee3-9173-d12ce1a27a34&sectionId=69c57ebe-d5a1-47da-a241-62e3385c3870,67,2.0,4.65,31.0
Os segredos do Parque do Retiro,1524451?location=madrid&currentTab=experience_tab&federatedSearchId=64716661-c61f-4af6-8ce6-7e3d5fef065f&searchId=5eab0abd-43e6-4ee3-9173-d12ce1a27a34&sectionId=69c57ebe-d5a1-47da-a241-62e3385c3870,139,2.0,5.0,25.0
Segredos da Guerra Civil Espanhola,2505016?location=madrid&currentTab=experience_tab&federatedSearchId=64716661-c61f-4af6-8ce6-7e3d5fef065f&searchId=5eab0abd-43e6-4ee3-9173-d12ce1a27a34&sectionId=69c57ebe-d5a1-47da-a241-62e3385c3870,150,2.0,4.92,118.0
"Tour en bicicleta, lo mejor de Madrid",1313879?location=madrid&currentTab=experience_tab&federatedSearchId=64716661-c61f-4af6-8ce6-7e3d5fef065f&searchId=5eab0abd-43e6-4ee3-9173-d12ce1a27a34&sectionId=69c57ebe-d5a1-47da-a241-62e3385c3870,156,3.0,4.84,116.0
Passeio fotográfico da sua viagem a Madri,4378745?location=madrid&currentTab=experience_tab&federatedSearchId=64716661-c61f-4af6-8ce6-7e3d5fef065f&searchId=5eab0abd-43e6-4ee3-9173-d12ce1a27a34&sectionId=69c57ebe-d5a1-47da-a241-62e3385c3870,278,1.5,5.0,15.0
Passeio de tapas locais em Madri e espetáculo de flamenco,1518919?location=madrid&currentTab=experience_tab&federatedSearchId=64716661-c61f-4af6-8ce6-7e3d5fef065f&searchId=5eab0abd-43e6-4ee3-9173-d12ce1a27a34&sectionId=69c57ebe-d5a1-47da-a241-62e3385c3870,500,4.0,4.94,64.0
Conheça o tango e sua história em um local intimista,4831652?location=madrid&currentTab=experience_tab&federatedSearchId=64716661-c61f-4af6-8ce6-7e3d5fef065f&searchId=5eab0abd-43e6-4ee3-9173-d12ce1a27a34&sectionId=69c57ebe-d5a1-47da-a241-62e3385c3870,111,1.5,5.0,7.0
Explore a arte de rua escondida de Madri,207462?location=madrid&currentTab=experience_tab&federatedSearchId=64716661-c61f-4af6-8ce6-7e3d5fef065f&searchId=5eab0abd-43e6-4ee3-9173-d12ce1a27a34&sectionId=69c57ebe-d5a1-47da-a241-62e3385c3870,107,2.5,4.88,51.0
Brunch espanhol e bingo com drag queen no sábado,612346?location=madrid&currentTab=experience_tab&federatedSearchId=64716661-c61f-4af6-8ce6-7e3d5fef065f&searchId=5eab0abd-43e6-4ee3-9173-d12ce1a27a34&sectionId=69c57ebe-d5a1-47da-a241-62e3385c3870,328,2.5,4.88,118.0
Passeio de aventura local por cervejas artesanais e tapas em Madri,3850459?location=madrid&currentTab=experience_tab&federatedSearchId=64716661-c61f-4af6-8ce6-7e3d5fef065f&searchId=5eab0abd-43e6-4ee3-9173-d12ce1a27a34&sectionId=69c57ebe-d5a1-47da-a241-62e3385c3870,550,3.0,5.0,37.0
Jogue pádel com um especialista em um local secreto,2181416?location=madrid&currentTab=experience_tab&federatedSearchId=64716661-c61f-4af6-8ce6-7e3d5fef065f&searchId=5eab0abd-43e6-4ee3-9173-d12ce1a27a34&sectionId=69c57ebe-d5a1-47da-a241-62e3385c3870,444,1.0,5.0,37.0
"Descontraia, relaxe e recarregue as energias em Madri",1309131?location=madrid&currentTab=experience_tab&federatedSearchId=64716661-c61f-4af6-8ce6-7e3d5fef065f&searchId=5eab0abd-43e6-4ee3-9173-d12ce1a27a34&sectionId=69c57ebe-d5a1-47da-a241-62e3385c3870,444,1.0,5.0,11.0
Caminhada pela inquisição espanhola,3403961?location=madrid&currentTab=experience_tab&federatedSearchId=64716661-c61f-4af6-8ce6-7e3d5fef065f&searchId=5eab0abd-43e6-4ee3-9173-d12ce1a27a34&sectionId=69c57ebe-d5a1-47da-a241-62e3385c3870,123,2.5,5.0,16.0
Visita guiada ao museu do Prado,2077203?location=madrid&currentTab=experience_tab&federatedSearchId=64716661-c61f-4af6-8ce6-7e3d5fef065f&searchId=5eab0abd-43e6-4ee3-9173-d12ce1a27a34&sectionId=69c57ebe-d5a1-47da-a241-62e3385c3870,167,2.0,4.96,51.0
A Madri emblemática!,402409?location=madrid&currentTab=experience_tab&federatedSearchId=64716661-c61f-4af6-8ce6-7e3d5fef065f&searchId=5eab0abd-43e6-4ee3-9173-d12ce1a27a34&sectionId=69c57ebe-d5a1-47da-a241-62e3385c3870,178,3.0,4.81,236.0
Tour com Segway pelos segredos da velha cidade,171661?location=madrid&currentTab=experience_tab&federatedSearchId=64716661-c61f-4af6-8ce6-7e3d5fef065f&searchId=5eab0abd-43e6-4ee3-9173-d12ce1a27a34&sectionId=69c57ebe-d5a1-47da-a241-62e3385c3870,217,1.5,4.81,358.0
"Viagem de um dia: Escorial, tapas e cavalgada",663766?location=madrid&currentTab=experience_tab&federatedSearchId=64716661-c61f-4af6-8ce6-7e3d5fef065f&searchId=5eab0abd-43e6-4ee3-9173-d12ce1a27a34&sectionId=69c57ebe-d5a1-47da-a241-62e3385c3870,555,6.5,5.0,26.0
Caminhada nas montanhas do Parque Nacional de Madri,23266?location=madrid&currentTab=experience_tab&federatedSearchId=64716661-c61f-4af6-8ce6-7e3d5fef065f&searchId=5eab0abd-43e6-4ee3-9173-d12ce1a27a34&sectionId=69c57ebe-d5a1-47da-a241-62e3385c3870,9,3.0,4.96,212.0
Passeio de arquitetura no Lavapiés com arquiteto,494224?location=madrid&currentTab=experience_tab&federatedSearchId=64716661-c61f-4af6-8ce6-7e3d5fef065f&searchId=5eab0abd-43e6-4ee3-9173-d12ce1a27a34&sectionId=69c57ebe-d5a1-47da-a241-62e3385c3870,272,3.0,4.93,67.0
Aulas de salsa e bachata em um ambiente privilegiado,4258718?location=madrid&currentTab=experience_tab&federatedSearchId=64716661-c61f-4af6-8ce6-7e3d5fef065f&searchId=5eab0abd-43e6-4ee3-9173-d12ce1a27a34&sectionId=69c57ebe-d5a1-47da-a241-62e3385c3870,56,2.0,4.2,5.0
Explore o brunch espanhol de Madri com um morador local,1467569?location=madrid&currentTab=experience_tab&federatedSearchId=64716661-c61f-4af6-8ce6-7e3d5fef065f&searchId=5eab0abd-43e6-4ee3-9173-d12ce1a27a34&sectionId=69c57ebe-d5a1-47da-a241-62e3385c3870,416,2.5,5.0,20.0
Desfrute dos moinhos de vento de Quixote de la Mancha e Toledo,4273101?location=madrid&currentTab=experience_tab&federatedSearchId=64716661-c61f-4af6-8ce6-7e3d5fef065f&searchId=5eab0abd-43e6-4ee3-9173-d12ce1a27a34&sectionId=69c57ebe-d5a1-47da-a241-62e3385c3870,749,9.5,4.93,45.0
Galerias de arte ocultas e estúdio de artistas,34796?location=madrid&currentTab=experience_tab&federatedSearchId=64716661-c61f-4af6-8ce6-7e3d5fef065f&searchId=5eab0abd-43e6-4ee3-9173-d12ce1a27a34&sectionId=69c57ebe-d5a1-47da-a241-62e3385c3870,278,2.5,4.99,237.0
Sessão de fotos profissional em Madri e Alcalá de Henares,1411815?location=madrid&currentTab=experience_tab&federatedSearchId=64716661-c61f-4af6-8ce6-7e3d5fef065f&searchId=5eab0abd-43e6-4ee3-9173-d12ce1a27a34&sectionId=69c57ebe-d5a1-47da-a241-62e3385c3870,222,1.0,,
"Degustação de tapas, pintxos, tortilha de batata e bebidas",1453259?location=madrid&currentTab=experience_tab&federatedSearchId=64716661-c61f-4af6-8ce6-7e3d5fef065f&searchId=5eab0abd-43e6-4ee3-9173-d12ce1a27a34&sectionId=69c57ebe-d5a1-47da-a241-62e3385c3870,306,2.5,4.99,105.0
Pintura e vinho emparelhamento perfeito,3810993?location=madrid&currentTab=experience_tab&federatedSearchId=64716661-c61f-4af6-8ce6-7e3d5fef065f&searchId=5eab0abd-43e6-4ee3-9173-d12ce1a27a34&sectionId=69c57ebe-d5a1-47da-a241-62e3385c3870,233,3.0,4.97,34.0
Conheça Madri com as chefes particulares Gloria e Elena,2949737?location=madrid&currentTab=experience_tab&federatedSearchId=64716661-c61f-4af6-8ce6-7e3d5fef065f&searchId=5eab0abd-43e6-4ee3-9173-d12ce1a27a34&sectionId=69c57ebe-d5a1-47da-a241-62e3385c3870,311,3.0,5.0,12.0
Flamenco da alma em Madri,3594190?location=madrid&currentTab=experience_tab&federatedSearchId=64716661-c61f-4af6-8ce6-7e3d5fef065f&searchId=5eab0abd-43e6-4ee3-9173-d12ce1a27a34&sectionId=69c57ebe-d5a1-47da-a241-62e3385c3870,272,1.5,4.69,16.0
Voo de balão de ar quente em Segóvia saindo de Madri,695299?location=madrid&currentTab=experience_tab&federatedSearchId=64716661-c61f-4af6-8ce6-7e3d5fef065f&searchId=5eab0abd-43e6-4ee3-9173-d12ce1a27a34&sectionId=69c57ebe-d5a1-47da-a241-62e3385c3870,1498,5.5,4.77,84.0
Saboreie Madri com o chef particular Alberto,2946849?location=madrid&currentTab=experience_tab&federatedSearchId=64716661-c61f-4af6-8ce6-7e3d5fef065f&searchId=5eab0abd-43e6-4ee3-9173-d12ce1a27a34&sectionId=69c57ebe-d5a1-47da-a241-62e3385c3870,333,3.0,5.0,12.0
Sessão de fotos imperdíveis em Madrid,1339889?location=madrid&currentTab=experience_tab&federatedSearchId=64716661-c61f-4af6-8ce6-7e3d5fef065f&searchId=5eab0abd-43e6-4ee3-9173-d12ce1a27a34&sectionId=69c57ebe-d5a1-47da-a241-62e3385c3870,333,1.5,5.0,34.0
Aula de flamenco na escola de dança,97699?location=madrid&currentTab=experience_tab&federatedSearchId=64716661-c61f-4af6-8ce6-7e3d5fef065f&searchId=5eab0abd-43e6-4ee3-9173-d12ce1a27a34&sectionId=69c57ebe-d5a1-47da-a241-62e3385c3870,156,1.5,5.0,3.0
"Descubra, Tarô e Merienda em um lugar mágico em Madri",3278897?location=madrid&currentTab=experience_tab&federatedSearchId=64716661-c61f-4af6-8ce6-7e3d5fef065f&searchId=5eab0abd-43e6-4ee3-9173-d12ce1a27a34&sectionId=69c57ebe-d5a1-47da-a241-62e3385c3870,1332,1.0,5.0,3.0
Passeio e oficina de arte de rua em Malasaña,1349968?location=madrid&currentTab=experience_tab&federatedSearchId=64716661-c61f-4af6-8ce6-7e3d5fef065f&searchId=5eab0abd-43e6-4ee3-9173-d12ce1a27a34&sectionId=69c57ebe-d5a1-47da-a241-62e3385c3870,278,2.0,5.0,12.0
Passeio imperdível por Madri para turistas,4519619?location=madrid&currentTab=experience_tab&federatedSearchId=64716661-c61f-4af6-8ce6-7e3d5fef065f&searchId=5eab0abd-43e6-4ee3-9173-d12ce1a27a34&sectionId=69c57ebe-d5a1-47da-a241-62e3385c3870,67,1.5,,
Aula de culinária de tapas espanholas e paella orgânica,107742?location=madrid&currentTab=experience_tab&federatedSearchId=64716661-c61f-4af6-8ce6-7e3d5fef065f&searchId=5eab0abd-43e6-4ee3-9173-d12ce1a27a34&sectionId=69c57ebe-d5a1-47da-a241-62e3385c3870,342,3.0,4.92,360.0
Fortaleza medieval e Cuevas del Vino,3835226?location=madrid&currentTab=experience_tab&federatedSearchId=64716661-c61f-4af6-8ce6-7e3d5fef065f&searchId=5eab0abd-43e6-4ee3-9173-d12ce1a27a34&sectionId=69c57ebe-d5a1-47da-a241-62e3385c3870,666,8.0,5.0,19.0
"Arquitetura na Madri histórica, dos árabes aos Bourbons",1557570?location=madrid&currentTab=experience_tab&federatedSearchId=64716661-c61f-4af6-8ce6-7e3d5fef065f&searchId=5eab0abd-43e6-4ee3-9173-d12ce1a27a34&sectionId=69c57ebe-d5a1-47da-a241-62e3385c3870,272,3.5,4.96,24.0
Caminhada pelo distrito LGBTQIA+ de Chueca,415071?location=madrid&currentTab=experience_tab&federatedSearchId=64716661-c61f-4af6-8ce6-7e3d5fef065f&searchId=5eab0abd-43e6-4ee3-9173-d12ce1a27a34&sectionId=69c57ebe-d5a1-47da-a241-62e3385c3870,195,2.0,5.0,37.0
Passeio privativo de bicicleta pela cidade com Juan,3447459?location=madrid&currentTab=experience_tab&federatedSearchId=64716661-c61f-4af6-8ce6-7e3d5fef065f&searchId=5eab0abd-43e6-4ee3-9173-d12ce1a27a34&sectionId=69c57ebe-d5a1-47da-a241-62e3385c3870,250,2.5,4.9,39.0
Passeio gastronômico: sabores imperdíveis de Madri,3148278?location=madrid&currentTab=experience_tab&federatedSearchId=64716661-c61f-4af6-8ce6-7e3d5fef065f&searchId=5eab0abd-43e6-4ee3-9173-d12ce1a27a34&sectionId=69c57ebe-d5a1-47da-a241-62e3385c3870,666,3.0,5.0,60.0
"Show de flamenco ""em casa""",3470648?location=madrid&currentTab=experience_tab&federatedSearchId=64716661-c61f-4af6-8ce6-7e3d5fef065f&searchId=5eab0abd-43e6-4ee3-9173-d12ce1a27a34&sectionId=69c57ebe-d5a1-47da-a241-62e3385c3870,100,1.0,,
"Passeio dos vinhos em Madri pelo ""Vale do Rio Tejo"" com três vinícolas",212679?location=madrid&currentTab=experience_tab&federatedSearchId=64716661-c61f-4af6-8ce6-7e3d5fef065f&searchId=5eab0abd-43e6-4ee3-9173-d12ce1a27a34&sectionId=69c57ebe-d5a1-47da-a241-62e3385c3870,805,6.0,4.94,84.0
"Passeio original por Madri e Rio, de Segway",562922?location=madrid&currentTab=experience_tab&federatedSearchId=64716661-c61f-4af6-8ce6-7e3d5fef065f&searchId=5eab0abd-43e6-4ee3-9173-d12ce1a27a34&sectionId=69c57ebe-d5a1-47da-a241-62e3385c3870,272,2.0,4.94,66.0
Oficina de joias em Madri em uma sessão,4441782?location=madrid&currentTab=experience_tab&federatedSearchId=64716661-c61f-4af6-8ce6-7e3d5fef065f&searchId=5eab0abd-43e6-4ee3-9173-d12ce1a27a34&sectionId=69c57ebe-d5a1-47da-a241-62e3385c3870,361,2.0,,
As musas do Museu do Prado,86594?location=madrid&currentTab=experience_tab&federatedSearchId=64716661-c61f-4af6-8ce6-7e3d5fef065f&searchId=5eab0abd-43e6-4ee3-9173-d12ce1a27a34&sectionId=69c57ebe-d5a1-47da-a241-62e3385c3870,389,2.0,4.93,83.0
Passeio de bar em bar em bar em Madri desde 2005,4597455?location=madrid&currentTab=experience_tab&federatedSearchId=64716661-c61f-4af6-8ce6-7e3d5fef065f&searchId=5eab0abd-43e6-4ee3-9173-d12ce1a27a34&sectionId=69c57ebe-d5a1-47da-a241-62e3385c3870,84,4.0,4.14,7.0
Exercícios em meus lugares preferidos do Parque do Retiro,3878383?location=madrid&currentTab=experience_tab&federatedSearchId=64716661-c61f-4af6-8ce6-7e3d5fef065f&searchId=5eab0abd-43e6-4ee3-9173-d12ce1a27a34&sectionId=69c57ebe-d5a1-47da-a241-62e3385c3870,167,1.0,5.0,3.0
Experiência de presunto ibérico com um tradicional café da manhã espanhol,4375683?location=madrid&currentTab=experience_tab&federatedSearchId=64716661-c61f-4af6-8ce6-7e3d5fef065f&searchId=5eab0abd-43e6-4ee3-9173-d12ce1a27a34&sectionId=69c57ebe-d5a1-47da-a241-62e3385c3870,139,1.0,4.13,8.0
Passeio de tapas em Madri,2921645?location=madrid&currentTab=experience_tab&federatedSearchId=64716661-c61f-4af6-8ce6-7e3d5fef065f&searchId=5eab0abd-43e6-4ee3-9173-d12ce1a27a34&sectionId=69c57ebe-d5a1-47da-a241-62e3385c3870,383,2.5,,
Arte Moderna sincerona,129244?location=madrid&currentTab=experience_tab&federatedSearchId=64716661-c61f-4af6-8ce6-7e3d5fef065f&searchId=5eab0abd-43e6-4ee3-9173-d12ce1a27a34&sectionId=69c57ebe-d5a1-47da-a241-62e3385c3870,361,2.0,4.88,33.0
Tour das comidas secretas de Madri,797590?location=madrid&currentTab=experience_tab&federatedSearchId=64716661-c61f-4af6-8ce6-7e3d5fef065f&searchId=5eab0abd-43e6-4ee3-9173-d12ce1a27a34&sectionId=69c57ebe-d5a1-47da-a241-62e3385c3870,555,3.0,4.97,59.0
Passeio pela cidade de Toledo com trem de alta velocidade saindo de Madri,4786208?location=madrid&currentTab=experience_tab&federatedSearchId=64716661-c61f-4af6-8ce6-7e3d5fef065f&searchId=5eab0abd-43e6-4ee3-9173-d12ce1a27a34&sectionId=69c57ebe-d5a1-47da-a241-62e3385c3870,500,5.0,4.71,52.0
Duraton River Segovia: caiaque,3700868?location=madrid&currentTab=experience_tab&federatedSearchId=64716661-c61f-4af6-8ce6-7e3d5fef065f&searchId=5eab0abd-43e6-4ee3-9173-d12ce1a27a34&sectionId=69c57ebe-d5a1-47da-a241-62e3385c3870,832,9.5,5.0,12.0
Bar LGBTQ em Chueca com companhia,351195?location=madrid&currentTab=experience_tab&federatedSearchId=64716661-c61f-4af6-8ce6-7e3d5fef065f&searchId=5eab0abd-43e6-4ee3-9173-d12ce1a27a34&sectionId=69c57ebe-d5a1-47da-a241-62e3385c3870,250,2.5,4.88,242.0
Cata de tres vinos en bodega Castiza,943100?location=madrid&currentTab=experience_tab&federatedSearchId=64716661-c61f-4af6-8ce6-7e3d5fef065f&searchId=5eab0abd-43e6-4ee3-9173-d12ce1a27a34&sectionId=69c57ebe-d5a1-47da-a241-62e3385c3870,134,1.0,4.92,61.0
Tapas e harmonização de vinhos no bairro de Retiro,37296?location=madrid&currentTab=experience_tab&federatedSearchId=64716661-c61f-4af6-8ce6-7e3d5fef065f&searchId=5eab0abd-43e6-4ee3-9173-d12ce1a27a34&sectionId=69c57ebe-d5a1-47da-a241-62e3385c3870,333,2.5,4.97,29.0
Aula de culinária tradicional com sardinhas em Madri,4298400?location=madrid&currentTab=experience_tab&federatedSearchId=64716661-c61f-4af6-8ce6-7e3d5fef065f&searchId=5eab0abd-43e6-4ee3-9173-d12ce1a27a34&sectionId=69c57ebe-d5a1-47da-a241-62e3385c3870,383,1.5,4.09,11.0
Passeio nas colinas com tapas,51540?location=madrid&currentTab=experience_tab&federatedSearchId=64716661-c61f-4af6-8ce6-7e3d5fef065f&searchId=5eab0abd-43e6-4ee3-9173-d12ce1a27a34&sectionId=69c57ebe-d5a1-47da-a241-62e3385c3870,444,3.0,4.97,266.0
Caminhe pelo melhor de Madri,627803?location=madrid&currentTab=experience_tab&federatedSearchId=64716661-c61f-4af6-8ce6-7e3d5fef065f&searchId=5eab0abd-43e6-4ee3-9173-d12ce1a27a34&sectionId=69c57ebe-d5a1-47da-a241-62e3385c3870,389,3.0,4.96,71.0
Sendo modelo em Madri,4532679?location=madrid&currentTab=experience_tab&federatedSearchId=64716661-c61f-4af6-8ce6-7e3d5fef065f&searchId=5eab0abd-43e6-4ee3-9173-d12ce1a27a34&sectionId=69c57ebe-d5a1-47da-a241-62e3385c3870,666,2.0,,
Descubra Madri com o chef particular Félix,2946048?location=madrid&currentTab=experience_tab&federatedSearchId=64716661-c61f-4af6-8ce6-7e3d5fef065f&searchId=5eab0abd-43e6-4ee3-9173-d12ce1a27a34&sectionId=69c57ebe-d5a1-47da-a241-62e3385c3870,333,3.0,5.0,24.0
Experiência ecológica de Tuk Tuk com morador local em Madri,3450437?location=madrid&currentTab=experience_tab&federatedSearchId=64716661-c61f-4af6-8ce6-7e3d5fef065f&searchId=5eab0abd-43e6-4ee3-9173-d12ce1a27a34&sectionId=69c57ebe-d5a1-47da-a241-62e3385c3870,661,1.0,5.0,10.0
Aprenda a fazer paella com chef local num lugar icônico de Madri,668415?location=madrid&currentTab=experience_tab&federatedSearchId=64716661-c61f-4af6-8ce6-7e3d5fef065f&searchId=5eab0abd-43e6-4ee3-9173-d12ce1a27a34&sectionId=69c57ebe-d5a1-47da-a241-62e3385c3870,439,1.5,4.88,8.0
Saboreie os sabores de Madri com o chef David sem sair de casa,2949774?location=madrid&currentTab=experience_tab&federatedSearchId=64716661-c61f-4af6-8ce6-7e3d5fef065f&searchId=5eab0abd-43e6-4ee3-9173-d12ce1a27a34&sectionId=69c57ebe-d5a1-47da-a241-62e3385c3870,250,3.0,5.0,5.0
Tour de tapas e história em Madrid,235174?location=madrid&currentTab=experience_tab&federatedSearchId=64716661-c61f-4af6-8ce6-7e3d5fef065f&searchId=5eab0abd-43e6-4ee3-9173-d12ce1a27a34&sectionId=69c57ebe-d5a1-47da-a241-62e3385c3870,378,3.5,4.89,150.0
Visões vivas — conheça Madri,4660035?location=madrid&currentTab=experience_tab&federatedSearchId=64716661-c61f-4af6-8ce6-7e3d5fef065f&searchId=5eab0abd-43e6-4ee3-9173-d12ce1a27a34&sectionId=69c57ebe-d5a1-47da-a241-62e3385c3870,422,1.5,,
Noite com um compositor de flamenco,86176?location=madrid&currentTab=experience_tab&federatedSearchId=64716661-c61f-4af6-8ce6-7e3d5fef065f&searchId=5eab0abd-43e6-4ee3-9173-d12ce1a27a34&sectionId=69c57ebe-d5a1-47da-a241-62e3385c3870,278,3.0,4.83,89.0
Conheça os bastidores do Palácio Real,828632?location=madrid&currentTab=experience_tab&federatedSearchId=64716661-c61f-4af6-8ce6-7e3d5fef065f&searchId=5eab0abd-43e6-4ee3-9173-d12ce1a27a34&sectionId=69c57ebe-d5a1-47da-a241-62e3385c3870,195,2.0,4.68,25.0
Rancho dos touros bravos,93000?location=madrid&currentTab=experience_tab&federatedSearchId=64716661-c61f-4af6-8ce6-7e3d5fef065f&searchId=5eab0abd-43e6-4ee3-9173-d12ce1a27a34&sectionId=69c57ebe-d5a1-47da-a241-62e3385c3870,472,4.5,4.83,12.0
Passeio fotográfico ensolarado em Madri,2821251?location=madrid&currentTab=experience_tab&federatedSearchId=64716661-c61f-4af6-8ce6-7e3d5fef065f&searchId=5eab0abd-43e6-4ee3-9173-d12ce1a27a34&sectionId=69c57ebe-d5a1-47da-a241-62e3385c3870,555,1.5,5.0,8.0
Oficina especial de gin tônica com tapas em Madri,4492759?location=madrid&currentTab=experience_tab&federatedSearchId=64716661-c61f-4af6-8ce6-7e3d5fef065f&searchId=5eab0abd-43e6-4ee3-9173-d12ce1a27a34&sectionId=69c57ebe-d5a1-47da-a241-62e3385c3870,211,1.0,4.31,13.0
Parque do Retiro e Telhado da Prefeitura,2699154?location=madrid&currentTab=experience_tab&federatedSearchId=64716661-c61f-4af6-8ce6-7e3d5fef065f&searchId=5eab0abd-43e6-4ee3-9173-d12ce1a27a34&sectionId=69c57ebe-d5a1-47da-a241-62e3385c3870,129,2.5,,
Visita guiada ao Museu do Prado com um grupo de sete pessoas no máximo,1213249?location=madrid&currentTab=experience_tab&federatedSearchId=64716661-c61f-4af6-8ce6-7e3d5fef065f&searchId=5eab0abd-43e6-4ee3-9173-d12ce1a27a34&sectionId=69c57ebe-d5a1-47da-a241-62e3385c3870,333,2.0,5.0,16.0
Passeio sem filas pelo Palácio Real de Madri,1394613?location=madrid&currentTab=experience_tab&federatedSearchId=64716661-c61f-4af6-8ce6-7e3d5fef065f&searchId=5eab0abd-43e6-4ee3-9173-d12ce1a27a34&sectionId=69c57ebe-d5a1-47da-a241-62e3385c3870,644,2.5,5.0,20.0
Frutos do mar frescos em Madri,325589?location=madrid&currentTab=experience_tab&federatedSearchId=64716661-c61f-4af6-8ce6-7e3d5fef065f&searchId=5eab0abd-43e6-4ee3-9173-d12ce1a27a34&sectionId=69c57ebe-d5a1-47da-a241-62e3385c3870,444,3.0,4.92,77.0
Os segredos do Século de Ouro,4528117?location=madrid&currentTab=experience_tab&federatedSearchId=64716661-c61f-4af6-8ce6-7e3d5fef065f&searchId=5eab0abd-43e6-4ee3-9173-d12ce1a27a34&sectionId=69c57ebe-d5a1-47da-a241-62e3385c3870,139,2.0,5.0,3.0
A descoberta do flamenco,93872?location=madrid&currentTab=experience_tab&federatedSearchId=64716661-c61f-4af6-8ce6-7e3d5fef065f&searchId=5eab0abd-43e6-4ee3-9173-d12ce1a27a34&sectionId=69c57ebe-d5a1-47da-a241-62e3385c3870,167,1.5,4.87,482.0
Leones e Castelos: viaje para Avila e Salamanca saindo de Madri,3624977?location=madrid&currentTab=experience_tab&federatedSearchId=64716661-c61f-4af6-8ce6-7e3d5fef065f&searchId=5eab0abd-43e6-4ee3-9173-d12ce1a27a34&sectionId=69c57ebe-d5a1-47da-a241-62e3385c3870,418,11.0,4.2,5.0
Passeio com vinho e tapas em Madri,208351?location=madrid&currentTab=experience_tab&federatedSearchId=64716661-c61f-4af6-8ce6-7e3d5fef065f&searchId=5eab0abd-43e6-4ee3-9173-d12ce1a27a34&sectionId=69c57ebe-d5a1-47da-a241-62e3385c3870,444,3.0,4.69,26.0
Segway em Madri,1628766?location=madrid&currentTab=experience_tab&federatedSearchId=64716661-c61f-4af6-8ce6-7e3d5fef065f&searchId=5eab0abd-43e6-4ee3-9173-d12ce1a27a34&sectionId=69c57ebe-d5a1-47da-a241-62e3385c3870,306,2.0,4.86,7.0
Passeio pela vinícola Ribera del Duero e Segóvia saindo de Madri,1535393?location=madrid&currentTab=experience_tab&federatedSearchId=64716661-c61f-4af6-8ce6-7e3d5fef065f&searchId=5eab0abd-43e6-4ee3-9173-d12ce1a27a34&sectionId=69c57ebe-d5a1-47da-a241-62e3385c3870,666,9.5,4.63,19.0
Toledo e Segóvia com entrada para o Alcazar de Segóvia,3621947?location=madrid&currentTab=experience_tab&federatedSearchId=64716661-c61f-4af6-8ce6-7e3d5fef065f&searchId=5eab0abd-43e6-4ee3-9173-d12ce1a27a34&sectionId=69c57ebe-d5a1-47da-a241-62e3385c3870,307,11.0,4.04,23.0
Passeio guiado pelo Museu do Prado,1394656?location=madrid&currentTab=experience_tab&federatedSearchId=64716661-c61f-4af6-8ce6-7e3d5fef065f&searchId=5eab0abd-43e6-4ee3-9173-d12ce1a27a34&sectionId=69c57ebe-d5a1-47da-a241-62e3385c3870,644,2.5,5.0,10.0
"Passeio por Las Sinsomuerto las Mujeres, esquecido",3232462?location=madrid&currentTab=experience_tab&federatedSearchId=64716661-c61f-4af6-8ce6-7e3d5fef065f&searchId=5eab0abd-43e6-4ee3-9173-d12ce1a27a34&sectionId=69c57ebe-d5a1-47da-a241-62e3385c3870,67,2.0,,
Passeio de e-bike pelos destaques e parques de Madri,632296?location=madrid&currentTab=experience_tab&federatedSearchId=64716661-c61f-4af6-8ce6-7e3d5fef065f&searchId=5eab0abd-43e6-4ee3-9173-d12ce1a27a34&sectionId=69c57ebe-d5a1-47da-a241-62e3385c3870,444,3.5,4.82,286.0
Um vista excelente do Museu do Prado,644177?location=madrid&currentTab=experience_tab&federatedSearchId=64716661-c61f-4af6-8ce6-7e3d5fef065f&searchId=5eab0abd-43e6-4ee3-9173-d12ce1a27a34&sectionId=69c57ebe-d5a1-47da-a241-62e3385c3870,816,2.0,4.98,130.0
Aula de culinária em Madri com harmonização de vinhos infinitos,3947182?location=madrid&currentTab=experience_tab&federatedSearchId=64716661-c61f-4af6-8ce6-7e3d5fef065f&searchId=5eab0abd-43e6-4ee3-9173-d12ce1a27a34&sectionId=69c57ebe-d5a1-47da-a241-62e3385c3870,583,2.5,5.0,12.0
Almoço com tapas e vinhos locais,402016?location=madrid&currentTab=experience_tab&federatedSearchId=64716661-c61f-4af6-8ce6-7e3d5fef065f&searchId=5eab0abd-43e6-4ee3-9173-d12ce1a27a34&sectionId=69c57ebe-d5a1-47da-a241-62e3385c3870,378,3.0,4.94,17.0
Sessão de fotos com seu cão em Madri,1372310?location=madrid&currentTab=experience_tab&federatedSearchId=64716661-c61f-4af6-8ce6-7e3d5fef065f&searchId=5eab0abd-43e6-4ee3-9173-d12ce1a27a34&sectionId=69c57ebe-d5a1-47da-a241-62e3385c3870,416,1.5,,
Tour autêntico de tapas e história,164473?location=madrid&currentTab=experience_tab&federatedSearchId=64716661-c61f-4af6-8ce6-7e3d5fef065f&searchId=5eab0abd-43e6-4ee3-9173-d12ce1a27a34&sectionId=69c57ebe-d5a1-47da-a241-62e3385c3870,278,3.5,5.0,25.0
Passeio inesquecível pelo Museu do Prado (em inglês),1317983?location=madrid&currentTab=experience_tab&federatedSearchId=64716661-c61f-4af6-8ce6-7e3d5fef065f&searchId=5eab0abd-43e6-4ee3-9173-d12ce1a27a34&sectionId=69c57ebe-d5a1-47da-a241-62e3385c3870,222,2.0,4.57,14.0
Pinte e beba na arte do vinho Gogh com néon e vinho em Madri,4445982?location=madrid&currentTab=experience_tab&federatedSearchId=64716661-c61f-4af6-8ce6-7e3d5fef065f&searchId=5eab0abd-43e6-4ee3-9173-d12ce1a27a34&sectionId=69c57ebe-d5a1-47da-a241-62e3385c3870,233,2.5,,
Retiro de ioga em bosque mágico (El Escorial),4469682?location=madrid&currentTab=experience_tab&federatedSearchId=64716661-c61f-4af6-8ce6-7e3d5fef065f&searchId=5eab0abd-43e6-4ee3-9173-d12ce1a27a34&sectionId=69c57ebe-d5a1-47da-a241-62e3385c3870,389,6.5,,
Passeamos por Madri através das minhas lentes,3613585?location=madrid&currentTab=experience_tab&federatedSearchId=64716661-c61f-4af6-8ce6-7e3d5fef065f&searchId=5eab0abd-43e6-4ee3-9173-d12ce1a27a34&sectionId=69c57ebe-d5a1-47da-a241-62e3385c3870,222,1.5,,
Principais destaques de Segway em Madri e Parque del Retiro,713242?location=madrid&currentTab=experience_tab&federatedSearchId=64716661-c61f-4af6-8ce6-7e3d5fef065f&searchId=5eab0abd-43e6-4ee3-9173-d12ce1a27a34&sectionId=69c57ebe-d5a1-47da-a241-62e3385c3870,278,2.0,4.78,37.0
Treino particular no Parque do Retiro,4452584?location=madrid&currentTab=experience_tab&federatedSearchId=64716661-c61f-4af6-8ce6-7e3d5fef065f&searchId=5eab0abd-43e6-4ee3-9173-d12ce1a27a34&sectionId=69c57ebe-d5a1-47da-a241-62e3385c3870,306,1.0,,
Degustação de vinhos espanhóis com Cristina,4549404?location=madrid&currentTab=experience_tab&federatedSearchId=64716661-c61f-4af6-8ce6-7e3d5fef065f&searchId=5eab0abd-43e6-4ee3-9173-d12ce1a27a34&sectionId=69c57ebe-d5a1-47da-a241-62e3385c3870,527,2.5,5.0,19.0
Degustação de presunto ibérico e vinhos espanhóis,123226?location=madrid&currentTab=experience_tab&federatedSearchId=64716661-c61f-4af6-8ce6-7e3d5fef065f&searchId=5eab0abd-43e6-4ee3-9173-d12ce1a27a34&sectionId=69c57ebe-d5a1-47da-a241-62e3385c3870,217,2.0,5.0,12.0
A Toledo imperial e sua catedral,769392?location=madrid&currentTab=experience_tab&federatedSearchId=64716661-c61f-4af6-8ce6-7e3d5fef065f&searchId=5eab0abd-43e6-4ee3-9173-d12ce1a27a34&sectionId=69c57ebe-d5a1-47da-a241-62e3385c3870,777,8.0,4.79,38.0
Experiência de dança para amantes de salsa em Madri,806233?location=madrid&currentTab=experience_tab&federatedSearchId=64716661-c61f-4af6-8ce6-7e3d5fef065f&searchId=5eab0abd-43e6-4ee3-9173-d12ce1a27a34&sectionId=69c57ebe-d5a1-47da-a241-62e3385c3870,771,1.5,4.9,10.0
A melhor caminhada de montanha no parque nacional (2 dias),412684?location=madrid&currentTab=experience_tab&federatedSearchId=64716661-c61f-4af6-8ce6-7e3d5fef065f&searchId=5eab0abd-43e6-4ee3-9173-d12ce1a27a34&sectionId=69c57ebe-d5a1-47da-a241-62e3385c3870,1154,39.0,5.0,3.0
Passeio a cavalo no Parque Natural de Madri,1254591?location=madrid&currentTab=experience_tab&federatedSearchId=64716661-c61f-4af6-8ce6-7e3d5fef065f&searchId=5eab0abd-43e6-4ee3-9173-d12ce1a27a34&sectionId=69c57ebe-d5a1-47da-a241-62e3385c3870,611,4.0,4.88,8.0
"Escorial, Valle de Los Caidos e Segóvia",1513044?location=madrid&currentTab=experience_tab&federatedSearchId=64716661-c61f-4af6-8ce6-7e3d5fef065f&searchId=5eab0abd-43e6-4ee3-9173-d12ce1a27a34&sectionId=69c57ebe-d5a1-47da-a241-62e3385c3870,1054,9.0,4.82,22.0
Aventura de tapas em Madri com especialista local,3253376?location=madrid&currentTab=experience_tab&federatedSearchId=64716661-c61f-4af6-8ce6-7e3d5fef065f&searchId=5eab0abd-43e6-4ee3-9173-d12ce1a27a34&sectionId=69c57ebe-d5a1-47da-a241-62e3385c3870,550,3.5,4.0,4.0
O melhor de Madri e Toledo com o Museu do Prado,4021308?location=madrid&currentTab=experience_tab&federatedSearchId=64716661-c61f-4af6-8ce6-7e3d5fef065f&searchId=5eab0abd-43e6-4ee3-9173-d12ce1a27a34&sectionId=69c57ebe-d5a1-47da-a241-62e3385c3870,832,8.0,4.88,8.0
Duas noites intocadas na Espanha para amantes de Foodies e natureza,1059653?location=madrid&currentTab=experience_tab&federatedSearchId=64716661-c61f-4af6-8ce6-7e3d5fef065f&searchId=5eab0abd-43e6-4ee3-9173-d12ce1a27a34&sectionId=69c57ebe-d5a1-47da-a241-62e3385c3870,3328,48.0,5.0,3.0
Os vinhos de Ribera del Duero de Madri com três vinícolas,3216243?location=madrid&currentTab=experience_tab&federatedSearchId=64716661-c61f-4af6-8ce6-7e3d5fef065f&searchId=5eab0abd-43e6-4ee3-9173-d12ce1a27a34&sectionId=69c57ebe-d5a1-47da-a241-62e3385c3870,1027,11.0,,
Sessão de tênis privada em lugares emblemáticos,1283288?location=madrid&currentTab=experience_tab&federatedSearchId=64716661-c61f-4af6-8ce6-7e3d5fef065f&searchId=5eab0abd-43e6-4ee3-9173-d12ce1a27a34&sectionId=69c57ebe-d5a1-47da-a241-62e3385c3870,250,1.5,5.0,4.0
Arteterapia pela saúde nas montanhas,2462805?location=madrid&currentTab=experience_tab&federatedSearchId=64716661-c61f-4af6-8ce6-7e3d5fef065f&searchId=5eab0abd-43e6-4ee3-9173-d12ce1a27a34&sectionId=69c57ebe-d5a1-47da-a241-62e3385c3870,611,2.5,,
Passeio de vinhos por Bodegas em Ribera del Douro e La Rioja,4672434?location=madrid&currentTab=experience_tab&federatedSearchId=64716661-c61f-4af6-8ce6-7e3d5fef065f&searchId=5eab0abd-43e6-4ee3-9173-d12ce1a27a34&sectionId=69c57ebe-d5a1-47da-a241-62e3385c3870,9868,14.0,,
